<?xml version="1.0" encoding="UTF-8"?>
<project-private xmlns="http://www.netbeans.org/ns/project-private/1">
    <editor-bookmarks xmlns="http://www.netbeans.org/ns/editor-bookmarks/2" lastBookmarkId="0"/>
    <open-files xmlns="http://www.netbeans.org/ns/projectui-open-files/2">
        <group>
            <file>file:/D:/codes/MyEE5/F1Telemetry/src/udpclient/GPIOThread.java</file>
            <file>file:/D:/codes/MyEE5/F1Telemetry/src/com/eh7n/f1telemetry/data/PacketSessionData.java</file>
            <file>file:/D:/codes/MyEE5/F1Telemetry/src/com/eh7n/f1telemetry/data/PacketCarTelemetryData.java</file>
            <file>file:/D:/codes/MyEE5/F1Telemetry/src/com/eh7n/f1telemetry/F12018TelemetryUDPServer.java</file>
        </group>
    </open-files>
</project-private>
